Workbook

Sheet Data
A1: Date | B1: Outlet | C1: Categories | D1: Meal | E1: Revenue | F1: Cover | G1: Cost | H1: Timestamp
A2: 2026-10-02 | B2: Marcele | C2: RV-Food | D2: Breakfast | E2: 1500 | F2: 10 | G2: 1000 | H2: 2026-10-12 00:05:46
A3: 2026-10-02 | B3: Marcele | C3: RV-Food | D3: Lunch | E3: 20000 | F3: 0 | G3: 1000 | H3: 2026-10-12 00:05:46
A4: 2026-10-02 | B4: Marcele | C4: RV-Beverage | D4: Lunch | E4: 25000 | F4: 20 | G4: 1000 | H4: 2026-10-12 00:05:46
A5: 2026-10-02 | B5: Marcele | C5: RV-Wine | D5: Dinner | E5: 1456 | F5: 20 | G5: 500 | H5: 2026-10-12 00:05:46
A6: 2026-10-02 | B6: Marcele | C6: RV-Beverage | D6: Supper | E6: 6544 | F6: 52 | G6: 1000 | H6: 2026-10-12 00:05:46

Sheet Reveira House
A1: Date | B1: Outlet | C1: Categories | D1: Meal | E1: Revenue | F1: Cover | G1: Cost | H1: Timestamp

Sheet Junsai
A1: Date | B1: Outlet | C1: Categories | D1: Meal | E1: Revenue | F1: Cover | G1: Cost | H1: Timestamp

Sheet Tapanyaki
A1: Date | B1: Outlet | C1: Categories | D1: Meal | E1: Revenue | F1: Cover | G1: Cost | H1: Timestamp

Sheet Terrace
A1: Date | B1: Outlet | C1: Categories | D1: Meal | E1: Revenue | F1: Cover | G1: Cost | H1: Timestamp

Sheet Juniper
A1: Date | B1: Outlet | C1: Categories | D1: Meal | E1: Revenue | F1: Cover | G1: Cost | H1: Timestamp

Sheet Marcele
A1: Date | B1: Outlet | C1: Categories | D1: Meal | E1: Revenue | F1: Cover | G1: Cost | H1: Timestamp
A2: 2026-10-02 | B2: Marcele | C2: RV-Food | D2: Breakfast | E2: 1500 | F2: 10 | G2: 1000 | H2: 2026-10-12 00:05:46
A3: 2026-10-02 | B3: Marcele | C3: RV-Food | D3: Lunch | E3: 20000 | F3: 0 | G3: 1000 | H3: 2026-10-12 00:05:46
A4: 2026-10-02 | B4: Marcele | C4: RV-Beverage | D4: Lunch | E4: 25000 | F4: 20 | G4: 1000 | H4: 2026-10-12 00:05:46
A5: 2026-10-02 | B5: Marcele | C5: RV-Wine | D5: Dinner | E5: 1456 | F5: 20 | G5: 500 | H5: 2026-10-12 00:05:46
A6: 2026-10-02 | B6: Marcele | C6: RV-Beverage | D6: Supper | E6: 6544 | F6: 52 | G6: 1000 | H6: 2026-10-12 00:05:46

Sheet Canteen
A1: Date | B1: Outlet | C1: Categories | D1: Meal | E1: Revenue | F1: Cover | G1: Cost | H1: Timestamp

Sheet Purchases_Issues
A1: Date | B1: Outlet | C1: Direct Purchase Food (THB) | D1: Direct Purchase Bev (THB) | E1: Store Issue Food (THB) | F1: Store Issue Wine (THB) | G1: Store Issue Bev (THB) | H1: Store Issue Other (THB) | I1: Timestamp
A2: 2026-10-02 | B2: Marcele | C2: 6500 | D2: 12500 | E2: 0 | F2: 0 | G2: 0 | H2: 0 | I2: 2026-10-12 00:05:46

Sheet Cost_Adjustments
A1: Date | B1: Outlet | C1: Transfer In Food (THB) | D1: Transfer In Bev (THB) | E1: Transfer In Wine (THB) | F1: Transfer In Other (THB) | G1: Transfer Out Food (THB) | H1: Transfer Out Bev (THB) | I1: Transfer Out Wine (THB) | J1: Transfer Out Other (THB) | K1: Credit Cost Food (THB) | L1: Credit Cost Bev (THB) | M1: Credit Cost Wine (THB) | N1: Credit Cost Other (THB) | O1: Timestamp
A2: 2026-10-02 | B2: Marcele | C2: 1000 | D2: 1000 | E2: 1000 | F2: 0 | G2: 500 | H2: 500 | I2: 500 | J2: 0 | K2: 100 | L2: 100 | M2: 100 | N2: 0 | O2: 2026-10-12 00:05:46

Sheet Hotel_Stats
A1: Date | B1: Room Available | C1: Room Sold | D1: Com./HU. Room | E1: Total Guests | F1: Weather | G1: Timestamp
A2: 2026-10-02 | B2: 0 | C2: 0 | D2: 0 | E2: 0 | F2: Sunny | G2: 2026-10-12 00:05:46

Sheet Outlet_Summary
A1: Date | B1: Outlet | C1: Meal | D1: Food Rev | E1: Bev Rev | F1: Wine Rev | G1: Other Rev | H1: Total Rev | I1: Cover | J1: Food Cost | K1: Bev Cost | L1: Wine Cost | M1: Other Cost | N1: Total Cost | O1: Direct Purchase Food | P1: Direct Purchase Bev | Q1: Store Issue Food | R1: Store Issue Wine | S1: Store Issue Bev | T1: Store Issue Other | U1: Transfer In Food | V1: Transfer In Bev | W1: Transfer In Wine | X1: Transfer In Other | Y1: Transfer Out Food | Z1: Transfer Out Bev | AA1: Transfer Out Wine | AB1: Transfer Out Other | AC1: Credit Cost Food | AD1: Credit Cost Bev | AE1: Credit Cost Wine | AF1: Credit Cost Other | AG1: Timestamp
A2: 2026-10-02 | B2: Marcele | C2: Breakfast | D2: 1500 | E2: 0 | F2: 0 | G2: 0 | H2: 1500 | I2: 10 | J2: 1000 | K2: 0 | L2: 0 | M2: 0 | N2: 1000 | O2: 0 | P2: 0 | Q2: 0 | R2: 0 | S2: 0 | T2: 0 | U2: 0 | V2: 0 | W2: 0 | X2: 0 | Y2: 0 | Z2: 0 | AA2: 0 | AB2: 0 | AC2: 0 | AD2: 0 | AE2: 0 | AF2: 0 | AG2: 2026-10-12 00:05:46
A3: 2026-10-02 | B3: Marcele | C3: Lunch | D3: 20000 | E3: 25000 | F3: 0 | G3: 0 | H3: 45000 | I3: 20 | J3: 1000 | K3: 1000 | L3: 0 | M3: 0 | N3: 2000 | O3: 0 | P3: 0 | Q3: 0 | R3: 0 | S3: 0 | T3: 0 | U3: 0 | V3: 0 | W3: 0 | X3: 0 | Y3: 0 | Z3: 0 | AA3: 0 | AB3: 0 | AC3: 0 | AD3: 0 | AE3: 0 | AF3: 0 | AG3: 2026-10-12 00:05:46
A4: 2026-10-02 | B4: Marcele | C4: Dinner | D4: 0 | E4: 0 | F4: 1456 | G4: 0 | H4: 1456 | I4: 20 | J4: 0 | K4: 0 | L4: 500 | M4: 0 | N4: 500 | O4: 6500 | P4: 12500 | Q4: 0 | R4: 0 | S4: 0 | T4: 0 | U4: 1000 | V4: 1000 | W4: 1000 | X4: 0 | Y4: 500 | Z4: 500 | AA4: 500 | AB4: 0 | AC4: 100 | AD4: 100 | AE4: 100 | AF4: 0 | AG4: 2026-10-12 00:05:46
A5: 2026-10-02 | B5: Marcele | C5: Supper | D5: 0 | E5: 6544 | F5: 0 | G5: 0 | H5: 6544 | I5: 52 | J5: 0 | K5: 1000 | L5: 0 | M5: 0 | N5: 1000 | O5: 0 | P5: 0 | Q5: 0 | R5: 0 | S5: 0 | T5: 0 | U5: 0 | V5: 0 | W5: 0 | X5: 0 | Y5: 0 | Z5: 0 | AA5: 0 | AB5: 0 | AC5: 0 | AD5: 0 | AE5: 0 | AF5: 0 | AG5: 2026-10-12 00:05:46

Sheet Pivot_Summary
A1: Outlet | B1: Total Food Rev | C1: Total Bev Rev | D1: Total Wine Rev | E1: Total Other Rev | F1: Grand Total Rev | G1: Total Cover | H1: Total Food Cost | I1: Total Bev Cost | J1: Total Wine Cost | K1: Total Other Cost | L1: Total Cost | M1: Direct Purchase Food | N1: Direct Purchase Bev | O1: Store Issue Food | P1: Store Issue Wine | Q1: Store Issue Bev | R1: Store Issue Other | S1: Transfer Net Food | T1: Transfer Net Bev | U1: Transfer Net Wine | V1: Transfer Net Other | W1: Credit Cost Food | X1: Credit Cost Bev | Y1: Credit Cost Wine | Z1: Credit Cost Other
A2: Reveira House | B2: =SUMIFS(Outlet_Summary!D:D, Outlet_Summary!B:B, A2) | C2: =SUMIFS(Outlet_Summary!E:E, Outlet_Summary!B:B, A2) | D2: =SUMIFS(Outlet_Summary!F:F, Outlet_Summary!B:B, A2) | E2: =SUMIFS(Outlet_Summary!G:G, Outlet_Summary!B:B, A2) | F2: =SUMIFS(Outlet_Summary!H:H, Outlet_Summary!B:B, A2) | G2: =SUMIFS(Outlet_Summary!I:I, Outlet_Summary!B:B, A2) | H2: =SUMIFS(Outlet_Summary!J:J, Outlet_Summary!B:B, A2) | I2: =SUMIFS(Outlet_Summary!K:K, Outlet_Summary!B:B, A2) | J2: =SUMIFS(Outlet_Summary!L:L, Outlet_Summary!B:B, A2) | K2: =SUMIFS(Outlet_Summary!M:M, Outlet_Summary!B:B, A2) | L2: =SUMIFS(Outlet_Summary!N:N, Outlet_Summary!B:B, A2) | M2: =SUMIFS(Outlet_Summary!O:O, Outlet_Summary!B:B, A2) | N2: =SUMIFS(Outlet_Summary!P:P, Outlet_Summary!B:B, A2) | O2: =SUMIFS(Outlet_Summary!Q:Q, Outlet_Summary!B:B, A2) | P2: =SUMIFS(Outlet_Summary!R:R, Outlet_Summary!B:B, A2) | Q2: =SUMIFS(Outlet_Summary!S:S, Outlet_Summary!B:B, A2) | R2: =SUMIFS(Outlet_Summary!T:T, Outlet_Summary!B:B, A2) | S2: =SUMIFS(Outlet_Summary!U:U, Outlet_Summary!B:B, A2)-SUMIFS(Outlet_Summary!Y:Y, Outlet_Summary!B:B, A2) | T2: =SUMIFS(Outlet_Summary!V:V, Outlet_Summary!B:B, A2)-SUMIFS(Outlet_Summary!Z:Z, Outlet_Summary!B:B, A2) | U2: =SUMIFS(Outlet_Summary!W:W, Outlet_Summary!B:B, A2)-SUMIFS(Outlet_Summary!AA:AA, Outlet_Summary!B:B, A2) | V2: =SUMIFS(Outlet_Summary!X:X, Outlet_Summary!B:B, A2)-SUMIFS(Outlet_Summary!AB:AB, Outlet_Summary!B:B, A2) | W2: =SUMIFS(Outlet_Summary!AC:AC, Outlet_Summary!B:B, A2) | X2: =SUMIFS(Outlet_Summary!AD:AD, Outlet_Summary!B:B, A2) | Y2: =SUMIFS(Outlet_Summary!AE:AE, Outlet_Summary!B:B, A2) | Z2: =SUMIFS(Outlet_Summary!AF:AF, Outlet_Summary!B:B, A2)
A3: Junsai | B3: =SUMIFS(Outlet_Summary!D:D, Outlet_Summary!B:B, A3) | C3: =SUMIFS(Outlet_Summary!E:E, Outlet_Summary!B:B, A3) | D3: =SUMIFS(Outlet_Summary!F:F, Outlet_Summary!B:B, A3) | E3: =SUMIFS(Outlet_Summary!G:G, Outlet_Summary!B:B, A3) | F3: =SUMIFS(Outlet_Summary!H:H, Outlet_Summary!B:B, A3) | G3: =SUMIFS(Outlet_Summary!I:I, Outlet_Summary!B:B, A3) | H3: =SUMIFS(Outlet_Summary!J:J, Outlet_Summary!B:B, A3) | I3: =SUMIFS(Outlet_Summary!K:K, Outlet_Summary!B:B, A3) | J3: =SUMIFS(Outlet_Summary!L:L, Outlet_Summary!B:B, A3) | K3: =SUMIFS(Outlet_Summary!M:M, Outlet_Summary!B:B, A3) | L3: =SUMIFS(Outlet_Summary!N:N, Outlet_Summary!B:B, A3) | M3: =SUMIFS(Outlet_Summary!O:O, Outlet_Summary!B:B, A3) | N3: =SUMIFS(Outlet_Summary!P:P, Outlet_Summary!B:B, A3) | O3: =SUMIFS(Outlet_Summary!Q:Q, Outlet_Summary!B:B, A3) | P3: =SUMIFS(Outlet_Summary!R:R, Outlet_Summary!B:B, A3) | Q3: =SUMIFS(Outlet_Summary!S:S, Outlet_Summary!B:B, A3) | R3: =SUMIFS(Outlet_Summary!T:T, Outlet_Summary!B:B, A3) | S3: =SUMIFS(Outlet_Summary!U:U, Outlet_Summary!B:B, A3)-SUMIFS(Outlet_Summary!Y:Y, Outlet_Summary!B:B, A3) | T3: =SUMIFS(Outlet_Summary!V:V, Outlet_Summary!B:B, A3)-SUMIFS(Outlet_Summary!Z:Z, Outlet_Summary!B:B, A3) | U3: =SUMIFS(Outlet_Summary!W:W, Outlet_Summary!B:B, A3)-SUMIFS(Outlet_Summary!AA:AA, Outlet_Summary!B:B, A3) | V3: =SUMIFS(Outlet_Summary!X:X, Outlet_Summary!B:B, A3)-SUMIFS(Outlet_Summary!AB:AB, Outlet_Summary!B:B, A3) | W3: =SUMIFS(Outlet_Summary!AC:AC, Outlet_Summary!B:B, A3) | X3: =SUMIFS(Outlet_Summary!AD:AD, Outlet_Summary!B:B, A3) | Y3: =SUMIFS(Outlet_Summary!AE:AE, Outlet_Summary!B:B, A3) | Z3: =SUMIFS(Outlet_Summary!AF:AF, Outlet_Summary!B:B, A3)
A4: Marcele | B4: =SUMIFS(Outlet_Summary!D:D, Outlet_Summary!B:B, A4) | C4: =SUMIFS(Outlet_Summary!E:E, Outlet_Summary!B:B, A4) | D4: =SUMIFS(Outlet_Summary!F:F, Outlet_Summary!B:B, A4) | E4: =SUMIFS(Outlet_Summary!G:G, Outlet_Summary!B:B, A4) | F4: =SUMIFS(Outlet_Summary!H:H, Outlet_Summary!B:B, A4) | G4: =SUMIFS(Outlet_Summary!I:I, Outlet_Summary!B:B, A4) | H4: =SUMIFS(Outlet_Summary!J:J, Outlet_Summary!B:B, A4) | I4: =SUMIFS(Outlet_Summary!K:K, Outlet_Summary!B:B, A4) | J4: =SUMIFS(Outlet_Summary!L:L, Outlet_Summary!B:B, A4) | K4: =SUMIFS(Outlet_Summary!M:M, Outlet_Summary!B:B, A4) | L4: =SUMIFS(Outlet_Summary!N:N, Outlet_Summary!B:B, A4) | M4: =SUMIFS(Outlet_Summary!O:O, Outlet_Summary!B:B, A4) | N4: =SUMIFS(Outlet_Summary!P:P, Outlet_Summary!B:B, A4) | O4: =SUMIFS(Outlet_Summary!Q:Q, Outlet_Summary!B:B, A4) | P4: =SUMIFS(Outlet_Summary!R:R, Outlet_Summary!B:B, A4) | Q4: =SUMIFS(Outlet_Summary!S:S, Outlet_Summary!B:B, A4) | R4: =SUMIFS(Outlet_Summary!T:T, Outlet_Summary!B:B, A4) | S4: =SUMIFS(Outlet_Summary!U:U, Outlet_Summary!B:B, A4)-SUMIFS(Outlet_Summary!Y:Y, Outlet_Summary!B:B, A4) | T4: =SUMIFS(Outlet_Summary!V:V, Outlet_Summary!B:B, A4)-SUMIFS(Outlet_Summary!Z:Z, Outlet_Summary!B:B, A4) | U4: =SUMIFS(Outlet_Summary!W:W, Outlet_Summary!B:B, A4)-SUMIFS(Outlet_Summary!AA:AA, Outlet_Summary!B:B, A4) | V4: =SUMIFS(Outlet_Summary!X:X, Outlet_Summary!B:B, A4)-SUMIFS(Outlet_Summary!AB:AB, Outlet_Summary!B:B, A4) | W4: =SUMIFS(Outlet_Summary!AC:AC, Outlet_Summary!B:B, A4) | X4: =SUMIFS(Outlet_Summary!AD:AD, Outlet_Summary!B:B, A4) | Y4: =SUMIFS(Outlet_Summary!AE:AE, Outlet_Summary!B:B, A4) | Z4: =SUMIFS(Outlet_Summary!AF:AF, Outlet_Summary!B:B, A4)
A5: Canteen | B5: =SUMIFS(Outlet_Summary!D:D, Outlet_Summary!B:B, A5) | C5: =SUMIFS(Outlet_Summary!E:E, Outlet_Summary!B:B, A5) | D5: =SUMIFS(Outlet_Summary!F:F, Outlet_Summary!B:B, A5) | E5: =SUMIFS(Outlet_Summary!G:G, Outlet_Summary!B:B, A5) | F5: =SUMIFS(Outlet_Summary!H:H, Outlet_Summary!B:B, A5) | G5: =SUMIFS(Outlet_Summary!I:I, Outlet_Summary!B:B, A5) | H5: =SUMIFS(Outlet_Summary!J:J, Outlet_Summary!B:B, A5) | I5: =SUMIFS(Outlet_Summary!K:K, Outlet_Summary!B:B, A5) | J5: =SUMIFS(Outlet_Summary!L:L, Outlet_Summary!B:B, A5) | K5: =SUMIFS(Outlet_Summary!M:M, Outlet_Summary!B:B, A5) | L5: =SUMIFS(Outlet_Summary!N:N, Outlet_Summary!B:B, A5) | M5: =SUMIFS(Outlet_Summary!O:O, Outlet_Summary!B:B, A5) | N5: =SUMIFS(Outlet_Summary!P:P, Outlet_Summary!B:B, A5) | O5: =SUMIFS(Outlet_Summary!Q:Q, Outlet_Summary!B:B, A5) | P5: =SUMIFS(Outlet_Summary!R:R, Outlet_Summary!B:B, A5) | Q5: =SUMIFS(Outlet_Summary!S:S, Outlet_Summary!B:B, A5) | R5: =SUMIFS(Outlet_Summary!T:T, Outlet_Summary!B:B, A5) | S5: =SUMIFS(Outlet_Summary!U:U, Outlet_Summary!B:B, A5)-SUMIFS(Outlet_Summary!Y:Y, Outlet_Summary!B:B, A5) | T5: =SUMIFS(Outlet_Summary!V:V, Outlet_Summary!B:B, A5)-SUMIFS(Outlet_Summary!Z:Z, Outlet_Summary!B:B, A5) | U5: =SUMIFS(Outlet_Summary!W:W, Outlet_Summary!B:B, A5)-SUMIFS(Outlet_Summary!AA:AA, Outlet_Summary!B:B, A5) | V5: =SUMIFS(Outlet_Summary!X:X, Outlet_Summary!B:B, A5)-SUMIFS(Outlet_Summary!AB:AB, Outlet_Summary!B:B, A5) | W5: =SUMIFS(Outlet_Summary!AC:AC, Outlet_Summary!B:B, A5) | X5: =SUMIFS(Outlet_Summary!AD:AD, Outlet_Summary!B:B, A5) | Y5: =SUMIFS(Outlet_Summary!AE:AE, Outlet_Summary!B:B, A5) | Z5: =SUMIFS(Outlet_Summary!AF:AF, Outlet_Summary!B:B, A5)
A6: Grand Total | B6: =SUM(B2:B5) | C6: =SUM(C2:C5) | D6: =SUM(D2:D5) | E6: =SUM(E2:E5) | F6: =SUM(F2:F5) | G6: =SUM(G2:G5) | H6: =SUM(H2:H5) | I6: =SUM(I2:I5) | ... Z6: =SUM(Z2:Z5)
